book,chapter,summary,num_verses,most_common_word,avg_words_per_verse
1-ne,1,"Nephi begins the record of his people—Lehi sees in vision a pillar of fire and reads from a book of prophecy—He praises God, foretells the coming of the Messiah, and prophesies the destruction of Jerusalem—He is persecuted by the Jews. About 600 B.C.",20,father,43.9
1-ne,2,"Lehi takes his family into the wilderness by the Red Sea—They leave their property—Lehi offers a sacrifice to the Lord and teaches his sons to keep the commandments—Laman and Lemuel murmur against their father—Nephi is obedient and prays in faith; the Lord speaks to him, and he is chosen to rule over his brethren. About 600 B.C.",24,lord,35.291666666666664
1-ne,3,Lehi’s sons return to Jerusalem to obtain the plates of brass—Laban refuses to give the plates up—Nephi exhorts and encourages his brethren—Laban steals their property and attempts to slay them—Laman and Lemuel smite Nephi and Sam and are reproved by an angel. About 600–592 B.C.,31,lord,34.193548387096776
1-ne,4,Nephi slays Laban at the Lord’s command and then secures the plates of brass by stratagem—Zoram chooses to join Lehi’s family in the wilderness. About 600–592 B.C.,38,laban,33.05263157894737
1-ne,5,Sariah complains against Lehi—Both rejoice over the return of their sons—They offer sacrifices—The plates of brass contain writings of Moses and the prophets—The plates identify Lehi as a descendant of Joseph—Lehi prophesies concerning his seed and the preservation of the plates. About 600–592 B.C.,22,father,33.72727272727273
1-ne,6,Nephi writes of the things of God—Nephi’s purpose is to persuade men to come unto the God of Abraham and be saved. About 600–592 B.C.,6,god,33.0
1-ne,7,Lehi’s sons return to Jerusalem and invite Ishmael and his household to join them in their journey—Laman and others rebel—Nephi exhorts his brethren to have faith in the Lord—They bind him with cords and plan his destruction—He is freed by the power of faith—His brethren ask forgiveness—Lehi and his company offer sacrifice and burnt offerings. About 600–592 B.C.,22,lord,44.45454545454545
1-ne,8,"Lehi sees a vision of the tree of life—He partakes of its fruit and desires his family to do likewise—He sees a rod of iron, a strait and narrow path, and the mists of darkness that enshroud men—Sariah, Nephi, and Sam partake of the fruit, but Laman and Lemuel refuse. About 600–592 B.C.",38,fruit,31.710526315789473
1-ne,9,Nephi makes two sets of records—Each is called the plates of Nephi—The larger plates contain a secular history; the smaller ones deal primarily with sacred things. About 600–592 B.C.,6,plates,42.333333333333336
1-ne,10,"Lehi predicts that the Jews will be taken captive by the Babylonians—He tells of the coming among the Jews of a Messiah, a Savior, a Redeemer—Lehi tells also of the coming of the one who should baptize the Lamb of God—Lehi tells of the death and resurrection of the Messiah—He compares the scattering and gathering of Israel to an olive tree—Nephi speaks of the Son of God, of the gift of the Holy Ghost, and of the need for righteousness. About 600–592 B.C.",22,father,40.0
1-ne,11,"Nephi sees the Spirit of the Lord and is shown in vision the tree of life—He sees the mother of the Son of God and learns of the condescension of God—He sees the baptism, ministry, and crucifixion of the Lamb of God—He sees also the call and ministry of the Twelve Apostles of the Lamb. About 600–592 B.C.",36,beheld,35.52777777777778
1-ne,12,"Nephi sees in vision the land of promise; the righteousness, iniquity, and downfall of its inhabitants; the coming of the Lamb of God among them; how the Twelve Disciples and the Twelve Apostles will judge Israel; and the loathsome and filthy state of those who dwindle in unbelief. About 600–592 B.C.",23,saw,36.47826086956522
1-ne,13,"Nephi sees in vision the church of the devil set up among the Gentiles, the discovery and colonizing of America, the loss of many plain and precious parts of the Bible, the resultant state of gentile apostasy, the restoration of the gospel, the coming forth of latter-day scripture, and the building up of Zion. About 600–592 B.C.",42,gentiles,43.95238095238095
1-ne,14,An angel tells Nephi of the blessings and cursings to fall upon the Gentiles—There are only two churches: the Church of the Lamb of God and the church of the devil—The Saints of God in all nations are persecuted by the great and abominable church—The Apostle John will write concerning the end of the world. About 600–592 B.C.,30,god,41.833333333333336
1-ne,15,Lehi’s seed are to receive the gospel from the Gentiles in the latter days—The gathering of Israel is likened unto an olive tree whose natural branches will be grafted in again—Nephi interprets the vision of the tree of life and speaks of the justice of God in dividing the wicked from the righteous. About 600–592 B.C.,36,god,40.27777777777778
1-ne,16,The wicked take the truth to be hard—Lehi’s sons marry the daughters of Ishmael—The Liahona guides their course in the wilderness—Messages from the Lord are written on the Liahona from time to time—Ishmael dies; his family murmurs because of afflictions. About 600–592 B.C.,39,lord,41.56410256410256
1-ne,17,"Nephi is commanded to build a ship—His brethren oppose him—He exhorts them by recounting the history of God’s dealings with Israel—Nephi is filled with the power of God—His brethren are forbidden to touch him, lest they wither as a dried reed. About 592–591 B.C.",55,lord,45.21818181818182
1-ne,18,"The ship is finished—The births of Jacob and Joseph are mentioned—The company embarks for the promised land—The sons of Ishmael and their wives join in revelry and rebellion—Nephi is bound, and the ship is driven back by a terrible tempest—Nephi is freed, and by his prayer the storm ceases—The people arrive in the promised land. About 591–589 B.C.",25,lord,48.0
1-ne,19,"Nephi makes plates of ore and records the history of his people—The God of Israel will come six hundred years from the time Lehi left Jerusalem—Nephi tells of His sufferings and crucifixion—The Jews will be despised and scattered until the latter days, when they will return unto the Lord. About 588–570 B.C.",24,prophet,51.375
1-ne,20,The Lord reveals His purposes to Israel—Israel has been chosen in the furnace of affliction and is to go forth from Babylon—Compare Isaiah 48 . About 588–570 B.C.,22,lord,31.0
1-ne,21,The Messiah will be a light to the Gentiles and will free the prisoners—Israel will be gathered with power in the last days—Kings will be their nursing fathers—Compare Isaiah 49 . About 588–570 B.C.,26,lord,36.07692307692308
1-ne,22,"Israel will be scattered upon all the face of the earth—The Gentiles will nurse and nourish Israel with the gospel in the last days—Israel will be gathered and saved, and the wicked will burn as stubble—The kingdom of the devil will be destroyed, and Satan will be bound. About 588–570 B.C.",31,come,46.774193548387096
2-ne,1,Lehi prophesies of a land of liberty—His seed will be scattered and smitten if they reject the Holy One of Israel—He exhorts his sons to put on the armor of righteousness. About 588–570 B.C.,32,lord,46.65625
2-ne,2,Redemption comes through the Holy Messiah—Freedom of choice (agency) is essential to existence and progression—Adam fell that men might be—Men are free to choose liberty and eternal life. About 588–570 B.C.,30,god,46.53333333333333
2-ne,3,"Joseph in Egypt saw the Nephites in vision—He prophesied of Joseph Smith, the latter-day seer; of Moses, who would deliver Israel; and of the coming forth of the Book of Mormon. About 588–570 B.C.",25,loins,45.56
2-ne,4,Lehi counsels and blesses his posterity—He dies and is buried—Nephi glories in the goodness of God—Nephi puts his trust in the Lord forever. About 588–570 B.C.,35,mine,36.05714285714286
2-ne,5,"The Nephites separate themselves from the Lamanites, keep the law of Moses, and build a temple—Because of their unbelief, the Lamanites are cut off from the presence of the Lord, are cursed, and become a scourge unto the Nephites. About 588–559 B.C.",34,lord,33.470588235294116
2-ne,6,Jacob recounts Jewish history: The Babylonian captivity and return; the ministry and crucifixion of the Holy One of Israel; the help received from the Gentiles; and the Jews’ latter-day restoration when they believe in the Messiah. About 559–545 B.C.,18,lord,47.888888888888886
2-ne,7,Jacob continues reading from Isaiah: Isaiah speaks messianically—The Messiah will have the tongue of the learned—He will give His back to the smiters—He will not be confounded—Compare Isaiah 50 . About 559–545 B.C.,11,lord,35.36363636363637
2-ne,8,"Jacob continues reading from Isaiah: In the last days, the Lord will comfort Zion and gather Israel—The redeemed will come to Zion amid great joy—Compare Isaiah 51 and 52:1–2 . About 559–545 B.C.",25,lord,31.4
2-ne,9,"Jacob explains that the Jews will be gathered in all their lands of promise—The Atonement ransoms man from the Fall—The bodies of the dead will come forth from the grave, and their spirits from hell and from paradise—They will be judged—The Atonement saves from death, hell, the devil, and endless torment—The righteous are to be saved in the kingdom of God—Penalties for sins are set forth—The Holy One of Israel is the keeper of the gate. About 559–545 B.C.",54,god,41.388888888888886
2-ne,10,Jacob explains that the Jews will crucify their God—They will be scattered until they begin to believe in Him—America will be a land of liberty where no king will rule—Reconcile yourselves to God and gain salvation through His grace. About 559–545 B.C.,25,god,36.68
2-ne,11,Jacob saw his Redeemer—The law of Moses typifies Christ and proves He will come. About 559–545 B.C.,8,words,40.625
2-ne,12,"Isaiah sees the latter-day temple, gathering of Israel, and millennial judgment and peace—The proud and wicked will be brought low at the Second Coming—Compare Isaiah 2 . About 559–545 B.C.",22,lord,29.0
2-ne,13,Judah and Jerusalem will be punished for their disobedience—The Lord pleads for and judges His people—The daughters of Zion are cursed and tormented for their worldliness—Compare Isaiah 3 . About 559–545 B.C.,26,lord,22.346153846153847
2-ne,14,Zion and her daughters will be redeemed and cleansed in the millennial day—Compare Isaiah 4 . About 559–545 B.C.,6,zion,33.333333333333336
2-ne,15,"The Lord’s vineyard (Israel) will become desolate, and His people will be scattered—Woes will come upon them in their apostate and scattered state—The Lord will lift an ensign and gather Israel—Compare Isaiah 5 . About 559–545 B.C.",30,lord,27.966666666666665
2-ne,16,Isaiah sees the Lord—Isaiah’s sins are forgiven—He is called to prophesy—He prophesies of the rejection by the Jews of Christ’s teachings—A remnant will return—Compare Isaiah 6 . About 559–545 B.C.,13,lord,28.46153846153846
2-ne,17,Ephraim and Syria wage war against Judah—Christ will be born of a virgin—Compare Isaiah 7 . About 559–545 B.C.,25,son,27.64
2-ne,18,"Christ will be as a stone of stumbling and a rock of offense—Seek the Lord, not peeping wizards—Turn to the law and to the testimony for guidance—Compare Isaiah 8 . About 559–545 B.C.",22,lord,25.318181818181817
2-ne,19,Isaiah speaks messianically—The people in darkness will see a great light—Unto us a child is born—He will be the Prince of Peace and will reign on David’s throne—Compare Isaiah 9 . About 559–545 B.C.,21,lord,26.952380952380953
2-ne,20,The destruction of Assyria is a type of the destruction of the wicked at the Second Coming—Few people will be left after the Lord comes again—The remnant of Jacob will return in that day—Compare Isaiah 10 . About 559–545 B.C.,34,lord,26.764705882352942
2-ne,21,The stem of Jesse (Christ) will judge in righteousness—The knowledge of God will cover the earth in the Millennium—The Lord will raise an ensign and gather Israel—Compare Isaiah 11 . About 559–545 B.C.,16,lord,30.9375
2-ne,22,In the millennial day all men will praise the Lord—He will dwell among them—Compare Isaiah 12 . About 559–545 B.C.,6,lord,21.833333333333332
2-ne,23,The destruction of Babylon is a type of the destruction at the Second Coming—It will be a day of wrath and vengeance —Babylon (the world) will fall forever—Compare Isaiah 13 . About 559–545 B.C.,22,lord,26.227272727272727
2-ne,24,Israel will be gathered and will enjoy millennial rest—Lucifer was cast out of heaven for rebellion—Israel will triumph over Babylon (the world)—Compare Isaiah 14 . About 559–545 B.C.,32,lord,27.59375
2-ne,25,"Nephi glories in plainness—Isaiah’s prophecies will be understood in the last days—The Jews will return from Babylon, crucify the Messiah, and be scattered and scourged—They will be restored when they believe in the Messiah—He will first come six hundred years after Lehi left Jerusalem—The Nephites keep the law of Moses and believe in Christ, who is the Holy One of Israel. About 559–545 B.C.",30,christ,54.5
2-ne,26,Christ will minister to the Nephites—Nephi foresees the destruction of his people—They will speak from the dust—The Gentiles will build up false churches and secret combinations—The Lord forbids men to practice priestcrafts. About 559–545 B.C.,33,lord,42.63636363636363
2-ne,27,Darkness and apostasy will cover the earth in the last days—The Book of Mormon will come forth—Three witnesses will testify of the book—The learned man will say he cannot read the sealed book—The Lord will do a marvelous work and a wonder—Compare Isaiah 29 . About 559–545 B.C.,35,book,40.65714285714286
2-ne,28,"Many false churches will be built up in the last days—They will teach false, vain, and foolish doctrines—Apostasy will abound because of false teachers—The devil will rage in the hearts of men—He will teach all manner of false doctrines. About 559–545 B.C.",32,god,37.0625
2-ne,29,"Many Gentiles will reject the Book of Mormon—They will say, We need no more Bible—The Lord speaks to many nations—He will judge the world out of the books which will be written. About 559–545 B.C.",14,words,54.5
2-ne,30,Converted Gentiles will be numbered with the covenant people—Many Lamanites and Jews will believe the word and become delightsome—Israel will be restored and the wicked destroyed. About 559–545 B.C.,18,people,38.27777777777778
2-ne,31,"Nephi tells why Christ was baptized—Men must follow Christ, be baptized, receive the Holy Ghost, and endure to the end to be saved—Repentance and baptism are the gate to the strait and narrow path—Eternal life comes to those who keep the commandments after baptism. About 559–545 B.C.",21,holy,45.142857142857146
2-ne,32,Angels speak by the power of the Holy Ghost—Men must pray and gain knowledge for themselves from the Holy Ghost. About 559–545 B.C.,9,behold,45.666666666666664
2-ne,33,"Nephi’s words are true—They testify of Christ—Those who believe in Christ will believe Nephi’s words, which will stand as a witness before the judgment bar. About 559–545 B.C.",15,words,41.46666666666667
jacob,1,Jacob and Joseph seek to persuade men to believe in Christ and keep His commandments—Nephi dies—Wickedness prevails among the Nephites. About 544–421 B.C.,19,people,36.578947368421055
jacob,2,"Jacob denounces the love of riches, pride, and unchastity—Men may seek riches to help their fellowmen—The Lord commands that no man among the Nephites may have more than one wife—The Lord delights in the chastity of women. About 544–421 B.C.",35,god,38.542857142857144
jacob,3,"The pure in heart receive the pleasing word of God—Lamanite righteousness exceeds that of the Nephites—Jacob warns against fornication, lasciviousness, and every sin. About 544–421 B.C.",14,god,42.42857142857143
jacob,4,All the prophets worshiped the Father in the name of Christ—Abraham’s offering of Isaac was in similitude of God and His Only Begotten—Men should reconcile themselves to God through the Atonement—The Jews will reject the foundation stone. About 544–421 B.C.,18,behold,49.0
jacob,5,Jacob quotes Zenos relative to the allegory of the tame and wild olive trees—They are a likeness of Israel and the Gentiles—The scattering and gathering of Israel are prefigured—Allusions are made to the Nephites and Lamanites and all the house of Israel—The Gentiles will be grafted into Israel—Eventually the vineyard will be burned. About 544–421 B.C.,77,vineyard,48.66233766233766
jacob,6,The Lord will recover Israel in the last days—The world will be burned with fire—Men must follow Christ to avoid the lake of fire and brimstone. About 544–421 B.C.,13,god,37.30769230769231
jacob,7,"Sherem denies Christ, contends with Jacob, demands a sign, and is smitten of God—All of the prophets have spoken of Christ and His Atonement—The Nephites lived out their days as wanderers, born in tribulation, and hated by the Lamanites. About 544–421 B.C.",27,people,45.03703703703704
enos,1,"Enos prays mightily and gains a remission of his sins—The voice of the Lord comes into his mind, promising salvation for the Lamanites in a future day—The Nephites sought to reclaim the Lamanites—Enos rejoices in his Redeemer. About 420 B.C.",27,god,41.370370370370374
jarom,1,"The Nephites keep the law of Moses, look forward to the coming of Christ, and prosper in the land—Many prophets labor to keep the people in the way of truth. About 399–361 B.C.",15,behold,46.93333333333333
omni,1,"Omni, Amaron, Chemish, Abinadom, and Amaleki, each in turn, keep the records—Mosiah discovers the people of Zarahemla, who came from Jerusalem in the days of Zedekiah—Mosiah is made king over them—The descendants of Mulek at Zarahemla had discovered Coriantumr, the last of the Jaredites—King Benjamin succeeds Mosiah—Men should offer their souls as an offering to Christ. About 323–130 B.C.",30,behold,45.46666666666667
w-of-m,1,Mormon abridges the large plates of Nephi—He puts the small plates with the other plates—King Benjamin establishes peace in the land. About A.D. 385.,18,people,45.72222222222222
mosiah,1,King Benjamin teaches his sons the language and prophecies of their fathers—Their religion and civilization have been preserved because of the records kept on the various plates—Mosiah is chosen as king and is given custody of the records and other things. About 130–124 B.C.,18,people,52.27777777777778
mosiah,2,"King Benjamin addresses his people—He recounts the equity, fairness, and spirituality of his reign—He counsels them to serve their Heavenly King—Those who rebel against God will suffer anguish like unquenchable fire. About 124 B.C.",41,god,50.02439024390244
mosiah,3,King Benjamin continues his address—The Lord Omnipotent will minister among men in a tabernacle of clay—Blood will come from every pore as He atones for the sins of the world—His is the only name whereby salvation comes—Men can put off the natural man and become Saints through the Atonement—The torment of the wicked will be as a lake of fire and brimstone. About 124 B.C.,27,god,38.888888888888886
mosiah,4,King Benjamin continues his address—Salvation comes because of the Atonement—Believe in God to be saved—Retain a remission of your sins through faithfulness—Impart of your substance to the poor—Do all things in wisdom and order. About 124 B.C.,30,god,51.93333333333333
mosiah,5,The Saints become the sons and daughters of Christ through faith—They are then called by the name of Christ—King Benjamin exhorts them to be steadfast and immovable in good works. About 124 B.C.,15,name,48.4
mosiah,6,King Benjamin records the names of the people and appoints priests to teach them—Mosiah reigns as a righteous king. About 124–121 B.C.,7,king,43.714285714285715
mosiah,7,"Ammon finds the land of Lehi-Nephi, where Limhi is king—Limhi’s people are in bondage to the Lamanites—Limhi recounts their history—A prophet (Abinadi) had testified that Christ is the God and Father of all things—Those who sow filthiness reap the whirlwind, and those who put their trust in the Lord will be delivered. About 121 B.C.",33,king,46.0
mosiah,8,Ammon teaches the people of Limhi—He learns of the twenty-four Jaredite plates—Ancient records can be translated by seers—No gift is greater than seership. About 121 B.C.,21,people,44.523809523809526
mosiah,9,Zeniff leads a group from Zarahemla to possess the land of Lehi-Nephi—The Lamanite king permits them to inherit the land—There is war between the Lamanites and Zeniff’s people. About 200–187 B.C.,19,people,45.421052631578945
mosiah,10,King Laman dies—His people are wild and ferocious and believe in false traditions—Zeniff and his people prevail against them. About 187–160 B.C.,22,people,43.45454545454545
mosiah,11,King Noah rules in wickedness—He revels in riotous living with his wives and concubines—Abinadi prophesies that the people will be taken into bondage—His life is sought by King Noah. About 160–150 B.C.,29,people,43.48275862068966
mosiah,12,Abinadi is imprisoned for prophesying the destruction of the people and the death of King Noah—The false priests quote the scriptures and pretend to keep the law of Moses—Abinadi begins to teach them the Ten Commandments. About 148 B.C.,37,lord,34.67567567567568
mosiah,13,Abinadi is protected by divine power—He teaches the Ten Commandments—Salvation does not come by the law of Moses alone—God Himself will make an atonement and redeem His people. About 148 B.C.,35,god,30.4
mosiah,14,Isaiah speaks messianically—The Messiah’s humiliation and sufferings are set forth—He makes His soul an offering for sin and makes intercession for transgressors—Compare Isaiah 53 . About 148 B.C.,12,lord,32.083333333333336
mosiah,15,How Christ is both the Father and the Son—He will make intercession and bear the transgressions of His people—They and all the holy prophets are His seed—He brings to pass the Resurrection—Little children have eternal life. About 148 B.C.,31,lord,33.16129032258065
mosiah,16,God redeems men from their lost and fallen state—Those who are carnal remain as though there were no redemption—Christ brings to pass a resurrection to endless life or to endless damnation. About 148 B.C.,15,god,35.93333333333333
mosiah,17,Alma believes and writes the words of Abinadi—Abinadi suffers death by fire—He prophesies disease and death by fire upon his murderers. About 148 B.C.,20,abinadi,32.25
mosiah,18,Alma preaches in private—He sets forth the covenant of baptism and baptizes at the waters of Mormon—He organizes the Church of Christ and ordains priests—They support themselves and teach the people—Alma and his people flee from King Noah into the wilderness. About 147–145 B.C.,35,god,38.82857142857143
mosiah,19,Gideon seeks to slay King Noah—The Lamanites invade the land—King Noah suffers death by fire—Limhi rules as a tributary monarch. About 145–121 B.C.,29,king,33.96551724137931
mosiah,20,Some Lamanite daughters are abducted by the priests of Noah—The Lamanites wage war upon Limhi and his people—The Lamanite hosts are repulsed and pacified. About 145–123 B.C.,26,people,37.42307692307692
mosiah,21,Limhi’s people are smitten and defeated by the Lamanites—Limhi’s people meet Ammon and are converted—They tell Ammon of the twenty-four Jaredite plates. About 122–121 B.C.,36,people,36.75
mosiah,22,"Plans are made for the people to escape from Lamanite bondage—The Lamanites are made drunk—The people escape, return to Zarahemla, and become subject to King Mosiah. About 121–120 B.C.",16,people,38.875
mosiah,23,"Alma refuses to be king—He serves as high priest—The Lord chastens His people, and the Lamanites conquer the land of Helam—Amulon, leader of King Noah’s wicked priests, rules subject to the Lamanite monarch. About 145–121 B.C.",39,king,30.102564102564102
mosiah,24,"Amulon persecutes Alma and his people—They are to be put to death if they pray—The Lord makes their burdens seem light—He delivers them from bondage, and they return to Zarahemla. About 145–120 B.C.",25,people,37.8
mosiah,25,The descendants of Mulek at Zarahemla become Nephites—They learn of the people of Alma and of Zeniff—Alma baptizes Limhi and all his people—Mosiah authorizes Alma to organize the Church of God. About 120 B.C.,24,people,34.75
mosiah,26,"Many members of the Church are led into sin by unbelievers—Alma is promised eternal life—Those who repent and are baptized gain forgiveness—Church members in sin who repent and confess to Alma and to the Lord will be forgiven; otherwise, they will not be numbered among the people of the Church. About 120–100 B.C.",39,church,30.076923076923077
mosiah,27,Mosiah forbids persecution and enjoins equality—Alma the younger and the four sons of Mosiah seek to destroy the Church—An angel appears and commands them to cease their evil course—Alma is struck dumb—All mankind must be born again to gain salvation—Alma and the sons of Mosiah declare glad tidings. About 100–92 B.C.,37,god,42.21621621621622
mosiah,28,"The sons of Mosiah go to preach to the Lamanites—Using the two seer stones, Mosiah translates the Jaredite plates. About 92 B.C.",20,lord,39.8
mosiah,29,Mosiah proposes that judges be chosen in place of a king—Unrighteous kings lead their people into sin—Alma the younger is chosen chief judge by the voice of the people—He is also the high priest over the Church—Alma the elder and Mosiah die. About 92–91 B.C.,47,people,39.57446808510638
alma,1,"Nehor teaches false doctrines, establishes a church, introduces priestcraft, and slays Gideon—Nehor is executed for his crimes—Priestcrafts and persecutions spread among the people—The priests support themselves, the people care for the poor, and the Church prospers. About 91–88 B.C.",33,people,44.18181818181818
alma,2,Amlici seeks to be king and is rejected by the voice of the people—His followers make him king—The Amlicites make war on the Nephites and are defeated—The Lamanites and Amlicites join forces and are defeated—Alma slays Amlici. About 87 B.C.,38,people,37.81578947368421
alma,3,The Amlicites had marked themselves according to the prophetic word—The Lamanites had been cursed for their rebellion—Men bring their own curses upon themselves—The Nephites defeat another Lamanite army. About 87–86 B.C.,27,seed,37.7037037037037
alma,4,"Alma baptizes thousands of converts—Iniquity enters the Church, and the Church’s progress is hindered—Nephihah is appointed chief judge—Alma, as high priest, devotes himself to the ministry. About 86–83 B.C.",20,people,49.85
alma,5,"To gain salvation, men must repent and keep the commandments, be born again, cleanse their garments through the blood of Christ, be humble and strip themselves of pride and envy, and do the works of righteousness—The Good Shepherd calls His people—Those who do evil works are children of the devil—Alma testifies of the truth of his doctrine and commands men to repent—The names of the righteous will be written in the book of life. About 83 B.C.",62,say,43.903225806451616
alma,6,The Church in Zarahemla is cleansed and set in order—Alma goes to Gideon to preach. About 83 B.C.,8,church,47.25
alma,7,"Christ will be born of Mary—He will loose the bands of death and bear the sins of His people—Those who repent, are baptized, and keep the commandments will have eternal life—Filthiness cannot inherit the kingdom of God—Humility, faith, hope, and charity are required. About 83 B.C.",27,god,52.925925925925924
alma,8,"Alma preaches and baptizes in Melek—He is rejected in Ammonihah and leaves—An angel commands him to return and cry repentance unto the people—He is received by Amulek, and the two of them preach in Ammonihah. About 82 B.C.",32,people,38.28125
alma,9,"Alma commands the people of Ammonihah to repent—The Lord will be merciful to the Lamanites in the last days—If the Nephites forsake the light, they will be destroyed by the Lamanites—The Son of God will come soon—He will redeem those who repent, are baptized, and have faith in His name. About 82 B.C.",34,people,43.64705882352941
alma,10,Lehi descended from Manasseh—Amulek recounts the angelic command that he care for Alma—The prayers of the righteous cause the people to be spared—Unrighteous lawyers and judges lay the foundation of the destruction of the people. About 82 B.C.,32,people,44.40625
alma,11,The Nephite monetary system is set forth—Amulek contends with Zeezrom—Christ will not save people in their sins—Only those who inherit the kingdom of heaven are saved—All men will rise in immortality—There is no death after the Resurrection. About 82 B.C.,46,god,31.608695652173914
alma,12,"Alma speaks to Zeezrom—The mysteries of God can be given only to the faithful—Men are judged by their thoughts, beliefs, words, and works—The wicked will suffer a spiritual death—This mortal life is a probationary state—The plan of redemption brings to pass the Resurrection and, through faith, a remission of sins—The repentant have a claim on mercy through the Only Begotten Son. About 82 B.C.",37,god,48.78378378378378
alma,13,Men are called as high priests because of their exceeding faith and good works—They are to teach the commandments—Through righteousness they are sanctified and enter into the rest of the Lord—Melchizedek was one of these—Angels are declaring glad tidings throughout the land—They will declare the actual coming of Christ. About 82 B.C.,31,holy,42.25806451612903
alma,14,"Alma and Amulek are imprisoned and smitten—The believers and their holy scriptures are burned by fire—These martyrs are received by the Lord in glory—The prison walls are rent and fall—Alma and Amulek are delivered, and their persecutors are slain. About 82–81 B.C.",29,alma,52.13793103448276
alma,15,"Alma and Amulek go to Sidom and establish a church—Alma heals Zeezrom, who joins the Church—Many are baptized, and the Church prospers—Alma and Amulek go to Zarahemla. About 81 B.C.",19,alma,37.0
alma,16,The Lamanites destroy the people of Ammonihah—Zoram leads the Nephites to victory over the Lamanites—Alma and Amulek and many others preach the word—They teach that after His Resurrection Christ will appear to the Nephites. About 81–77 B.C.,21,people,47.714285714285715
alma,17,"The sons of Mosiah have the spirit of prophecy and of revelation—They go their several ways to declare the word to the Lamanites—Ammon goes to the land of Ishmael and becomes the servant of King Lamoni—Ammon saves the king’s flocks and slays his enemies at the water of Sebus. Verses 1–3 , about 77 B.C. ; verse 4 , about 91–77 B.C. ; and verses 5–39 , about 91 B.C.",39,ammon,47.205128205128204
alma,18,"King Lamoni supposes that Ammon is the Great Spirit—Ammon teaches the king about the Creation, God’s dealings with men, and the redemption that comes through Christ—Lamoni believes and falls to the earth as if dead. About 90 B.C.",43,king,37.44186046511628
alma,19,"Lamoni receives the light of everlasting life and sees the Redeemer—His household falls into a trance, and many see angels—Ammon is preserved miraculously—He baptizes many and establishes a church among them. About 90 B.C.",36,ammon,46.888888888888886
alma,20,"The Lord sends Ammon to Middoni to deliver his imprisoned brethren—Ammon and Lamoni meet Lamoni’s father, who is king over all the land—Ammon compels the old king to approve the release of his brethren. About 90 B.C.",30,ammon,42.833333333333336
alma,21,"Aaron teaches the Amalekites about Christ and His Atonement—Aaron and his brethren are imprisoned in Middoni—After their deliverance, they teach in the synagogues and make many converts—Lamoni grants religious freedom to the people in the land of Ishmael. About 90–77 B.C.",23,people,41.26086956521739
alma,22,"Aaron teaches Lamoni’s father about the Creation, the Fall of Adam, and the plan of redemption through Christ—The king and all his household are converted—The division of the land between the Nephites and the Lamanites is explained. About 90–77 B.C.",35,king,52.77142857142857
alma,23,Religious freedom is proclaimed—The Lamanites in seven lands and cities are converted—They call themselves Anti-Nephi-Lehies and are freed from the curse—The Amalekites and the Amulonites reject the truth. About 90–77 B.C.,18,people,41.833333333333336
alma,24,The Lamanites come against the people of God—The Anti-Nephi-Lehies rejoice in Christ and are visited by angels—They choose to suffer death rather than to defend themselves—More Lamanites are converted. About 90–77 B.C.,30,brethren,49.766666666666666
alma,25,Lamanite aggressions spread—The seed of the priests of Noah perish as Abinadi prophesied—Many Lamanites are converted and join the people of Anti-Nephi-Lehi—They believe in Christ and keep the law of Moses. About 90–77 B.C.,17,brethren,43.411764705882355
alma,26,Ammon glories in the Lord—The faithful are strengthened by the Lord and are given knowledge—By faith men may bring thousands of souls unto repentance—God has all power and comprehends all things. About 90–77 B.C.,37,behold,44.08108108108108
alma,27,"The Lord commands Ammon to lead the people of Anti-Nephi-Lehi to safety—Upon meeting Alma, Ammon’s joy exhausts his strength—The Nephites give the Anti-Nephi-Lehies the land of Jershon—They are called the people of Ammon. About 90–77 B.C.",30,brethren,41.8
alma,28,The Lamanites are defeated in a tremendous battle—Tens of thousands are slain—The wicked are consigned to a state of endless woe; the righteous attain a never-ending happiness. About 77–76 B.C.,14,people,40.642857142857146
alma,29,Alma desires to cry repentance with angelic zeal—The Lord grants teachers for all nations—Alma glories in the Lord’s work and in the success of Ammon and his brethren. About 76 B.C.,17,god,41.35294117647059
alma,30,"Korihor, the anti-Christ, ridicules Christ, the Atonement, and the spirit of prophecy—He teaches that there is no God, no fall of man, no penalty for sin, and no Christ—Alma testifies that Christ will come and that all things denote there is a God—Korihor demands a sign and is struck dumb—The devil had appeared to Korihor as an angel and taught him what to say—Korihor is trodden down and dies. About 76–74 B.C.",60,people,44.13333333333333
alma,31,"Alma heads a mission to reclaim the apostate Zoramites—The Zoramites deny Christ, believe in a false concept of election, and worship with set prayers—The missionaries are filled with the Holy Spirit—Their afflictions are swallowed up in the joy of Christ. About 74 B.C.",38,god,38.5
alma,32,"Alma teaches the poor whose afflictions had humbled them—Faith is a hope in that which is not seen which is true—Alma testifies that angels minister to men, women, and children—Alma compares the word unto a seed—It must be planted and nourished—Then it grows into a tree from which the fruit of eternal life is picked. About 74 B.C.",43,behold,42.06976744186046
alma,33,"Zenos taught that men should pray and worship in all places, and that judgments are turned away because of the Son—Zenock taught that mercy is bestowed because of the Son—Moses had lifted up in the wilderness a type of the Son of God. About 74 B.C.",23,behold,36.130434782608695
alma,34,"Amulek testifies that the word is in Christ unto salvation—Unless an atonement is made, all mankind must perish—The whole law of Moses points toward the sacrifice of the Son of God—The eternal plan of redemption is based on faith and repentance—Pray for temporal and spiritual blessings—This life is the time for men to prepare to meet God—Work out your salvation with fear before God. About 74 B.C.",41,behold,36.90243902439025
alma,35,"The preaching of the word destroys the craft of the Zoramites—They expel the converts, who then join the people of Ammon in Jershon—Alma sorrows because of the wickedness of the people. About 74 B.C.",16,people,43.625
alma,36,"Alma testifies to Helaman of his conversion after seeing an angel—He suffered the pains of a damned soul; he called upon the name of Jesus, and was then born of God—Sweet joy filled his soul—He saw concourses of angels praising God—Many converts have tasted and seen as he has tasted and seen. About 74 B.C.",30,god,39.43333333333333
alma,37,"The plates of brass and other scriptures are preserved to bring souls to salvation—The Jaredites were destroyed because of their wickedness—Their secret oaths and covenants must be kept from the people—Counsel with the Lord in all your doings—As the Liahona guided the Nephites, so the word of Christ leads men to eternal life. About 74 B.C.",47,god,42.212765957446805
alma,38,"Shiblon was persecuted for righteousness’ sake—Salvation is in Christ, who is the life and the light of the world—Bridle all your passions. About 74 B.C.",15,god,42.13333333333333
alma,39,Sexual sin is an abomination—Corianton’s sins kept the Zoramites from receiving the word—Christ’s redemption is retroactive in saving the faithful who preceded it. About 74 B.C.,19,behold,41.26315789473684
alma,40,Christ brings to pass the resurrection of all men—The righteous dead go to paradise and the wicked to outer darkness to await the day of their resurrection—All things will be restored to their proper and perfect frame in the Resurrection. About 74 B.C.,26,resurrection,43.26923076923077
alma,41,In the Resurrection men come forth to a state of endless happiness or endless misery—Wickedness never was happiness—Carnal men are without God in the world—Every person receives again in the Restoration the characteristics and attributes acquired in mortality. About 74 B.C.,15,good,45.13333333333333
alma,42,Mortality is a probationary time to enable man to repent and serve God—The Fall brought temporal and spiritual death upon all mankind—Redemption comes through repentance—God Himself atones for the sins of the world—Mercy is for those who repent—All others are subject to God’s justice—Mercy comes because of the Atonement—Only the truly penitent are saved. About 74 B.C.,31,god,38.16129032258065
alma,43,"Alma and his sons preach the word—The Zoramites and other Nephite dissenters become Lamanites—The Lamanites come against the Nephites in war—Moroni arms the Nephites with defensive armor—The Lord reveals to Alma the strategy of the Lamanites—The Nephites defend their homes, liberties, families, and religion—The armies of Moroni and Lehi surround the Lamanites. About 74 B.C.",54,moroni,40.851851851851855
alma,44,"Moroni commands the Lamanites to make a covenant of peace or be destroyed—Zerahemnah rejects the offer, and the battle resumes—Moroni’s armies defeat the Lamanites. About 74–73 B.C.",24,moroni,51.708333333333336
alma,45,"Helaman believes the words of Alma—Alma prophesies the destruction of the Nephites—He blesses and curses the land—Alma may have been taken up by the Spirit, even as Moses—Dissension grows in the Church. About 73 B.C.",24,people,37.375
alma,46,Amalickiah conspires to be king—Moroni raises the title of liberty—He rallies the people to defend their religion—True believers are called Christians—A remnant of Joseph will be preserved—Amalickiah and the dissenters flee to the land of Nephi—Those who will not support the cause of freedom are put to death. About 73–72 B.C.,41,god,43.34146341463415
alma,47,"Amalickiah uses treachery, murder, and intrigue to become king of the Lamanites—The Nephite dissenters are more wicked and ferocious than the Lamanites. About 72 B.C.",36,king,43.97222222222222
alma,48,Amalickiah incites the Lamanites against the Nephites—Moroni prepares his people to defend the cause of the Christians—He rejoices in liberty and freedom and is a mighty man of God. About 72 B.C.,25,god,42.36
alma,49,The invading Lamanites are unable to take the fortified cities of Ammonihah and Noah—Amalickiah curses God and swears to drink the blood of Moroni—Helaman and his brethren continue to strengthen the Church. About 72 B.C.,30,behold,44.86666666666667
alma,50,"Moroni fortifies the lands of the Nephites—They build many new cities—Wars and destructions befell the Nephites in the days of their wickedness and abominations—Morianton and his dissenters are defeated by Teancum—Nephihah dies, and his son Pahoran fills the judgment seat. About 72–67 B.C.",40,people,43.35
alma,51,The king-men seek to change the law and set up a king—Pahoran and the freemen are supported by the voice of the people—Moroni compels the king-men to defend their country or be put to death—Amalickiah and the Lamanites capture many fortified cities—Teancum repels the Lamanite invasion and slays Amalickiah in his tent. About 67–66 B.C.,37,people,45.189189189189186
alma,52,"Ammoron succeeds Amalickiah as king of the Lamanites—Moroni, Teancum, and Lehi lead the Nephites in a victorious war against the Lamanites—The city of Mulek is retaken, and Jacob the Zoramite is slain. About 66–64 B.C.",40,moroni,44.475
alma,53,The Lamanite prisoners are used to fortify the city Bountiful—Dissensions among the Nephites give rise to Lamanite victories—Helaman takes command of the two thousand stripling sons of the people of Ammon. About 64–63 B.C.,23,moroni,47.130434782608695
alma,54,Ammoron and Moroni negotiate for the exchange of prisoners—Moroni demands that the Lamanites withdraw and cease their murderous attacks—Ammoron demands that the Nephites lay down their arms and become subject to the Lamanites. About 63 B.C.,24,behold,41.416666666666664
alma,55,"Moroni refuses to exchange prisoners—The Lamanite guards are enticed to become drunk, and the Nephite prisoners are freed—The city of Gid is taken without bloodshed. About 63–62 B.C.",35,behold,35.34285714285714
alma,56,"Helaman sends an epistle to Moroni, recounting the state of the war with the Lamanites—Antipus and Helaman gain a great victory over the Lamanites—Helaman’s two thousand stripling sons fight with miraculous power, and none of them are slain. Verse 1 , about 62 B.C. ; verses 2–19 , about 66 B.C. ; and verses 20–57 , about 65–64 B.C.",57,city,38.63157894736842
alma,57,"Helaman recounts the taking of Antiparah and the surrender and later the defense of Cumeni—His Ammonite striplings fight valiantly; all are wounded, but none are slain—Gid reports the slaying and the escape of the Lamanite prisoners. About 63 B.C.",36,city,42.72222222222222
alma,58,"Helaman, Gid, and Teomner take the city of Manti by a stratagem—The Lamanites withdraw—The sons of the people of Ammon are preserved as they stand fast in defense of their liberty and faith. About 63–62 B.C.",41,behold,43.170731707317074
alma,59,Moroni asks Pahoran to strengthen the forces of Helaman—The Lamanites take the city of Nephihah—Moroni is angry with the government. About 62 B.C.,13,people,37.84615384615385
alma,60,Moroni complains to Pahoran of the government’s neglect of the armies—The Lord suffers the righteous to be slain—The Nephites must use all of their power and means to deliver themselves from their enemies—Moroni threatens to fight against the government unless help is supplied to his armies. About 62 B.C.,36,behold,49.5
alma,61,Pahoran tells Moroni of the insurrection and rebellion against the government—The king-men take Zarahemla and are in league with the Lamanites—Pahoran asks for military aid against the rebels. About 62 B.C.,21,behold,40.19047619047619
alma,62,"Moroni marches to the aid of Pahoran in the land of Gideon—The king-men who refuse to defend their country are put to death—Pahoran and Moroni retake Nephihah—Many Lamanites join the people of Ammon—Teancum slays Ammoron and is in turn slain—The Lamanites are driven from the land, and peace is established—Helaman returns to the ministry and builds up the Church. About 62–57 B.C.",52,moroni,42.94230769230769
alma,63,"Shiblon and later Helaman take possession of the sacred records—Many Nephites travel to the land northward—Hagoth builds ships, which sail forth in the west sea—Moronihah defeats the Lamanites in battle. About 56–52 B.C.",17,thirty,36.35294117647059
hel,1,"Pahoran the second becomes chief judge and is murdered by Kishkumen—Pacumeni fills the judgment seat—Coriantumr leads the Lamanite armies, takes Zarahemla, and slays Pacumeni—Moronihah defeats the Lamanites and retakes Zarahemla, and Coriantumr is slain. About 52–50 B.C.",34,people,42.0
hel,2,"Helaman, the son of Helaman, becomes chief judge—Gadianton leads the band of Kishkumen—Helaman’s servant slays Kishkumen, and the Gadianton band flees into the wilderness. About 50–49 B.C.",14,helaman,43.07142857142857
hel,3,Many Nephites migrate to the land northward—They build houses of cement and keep many records—Tens of thousands are converted and baptized—The word of God leads men to salvation—Nephi the son of Helaman fills the judgment seat. About 49–39 B.C.,37,people,41.054054054054056
hel,4,"Nephite dissenters and the Lamanites join forces and take the land of Zarahemla—The Nephites’ defeats come because of their wickedness—The Church dwindles, and the people become weak like the Lamanites. About 38–30 B.C.",26,reign,41.0
hel,5,"Nephi and Lehi devote themselves to preaching—Their names invite them to pattern their lives after their forebears—Christ redeems those who repent—Nephi and Lehi make many converts and are imprisoned, and fire encircles them—A cloud of darkness overshadows three hundred people—The earth shakes, and a voice commands men to repent—Nephi and Lehi converse with angels, and the multitude is encircled by fire. About 30 B.C.",52,behold,39.80769230769231
hel,6,"The righteous Lamanites preach to the wicked Nephites—Both peoples prosper during an era of peace and plenty—Lucifer, the author of sin, stirs up the hearts of the wicked and the Gadianton robbers in murder and wickedness—The robbers take over the Nephite government. About 29–23 B.C.",41,behold,43.853658536585364
hel,7,Nephi is rejected in the north and returns to Zarahemla—He prays upon his garden tower and then calls upon the people to repent or perish. About 23–21 B.C.,29,behold,39.03448275862069
hel,8,"Corrupt judges seek to incite the people against Nephi—Abraham, Moses, Zenos, Zenock, Ezias, Isaiah, Jeremiah, Lehi, and Nephi all testified of Christ—By inspiration Nephi announces the murder of the chief judge. About 23–21 B.C.",28,behold,42.75
hel,9,Messengers find the chief judge dead at the judgment seat—They are imprisoned and later released—By inspiration Nephi identifies Seantum as the murderer—Nephi is accepted by some as a prophet. About 23–21 B.C.,41,behold,36.707317073170735
hel,10,The Lord gives Nephi the sealing power—He is empowered to bind and loose on earth and in heaven—He commands the people to repent or perish—The Spirit carries him from multitude to multitude. About 21–20 B.C.,19,behold,37.8421052631579
hel,11,"Nephi persuades the Lord to replace their war with a famine—Many people perish—They repent, and Nephi importunes the Lord for rain—Nephi and Lehi receive many revelations—The Gadianton robbers entrench themselves in the land. About 20–6 B.C.",38,people,41.39473684210526
hel,12,"Men are unstable and foolish and quick to do evil—The Lord chastens His people—The nothingness of men is compared with the power of God—In the day of judgment, men will gain everlasting life or everlasting damnation. About 6 B.C.",26,behold,32.76923076923077
hel,13,"Samuel the Lamanite prophesies the destruction of the Nephites unless they repent—They and their riches are cursed—They reject and stone the prophets, are encircled about by demons, and seek for happiness in doing iniquity. About 6 B.C.",39,lord,47.02564102564103
hel,14,"Samuel predicts light during the night and a new star at Christ’s birth—Christ redeems men from temporal and spiritual death—The signs of His death include three days of darkness, the rending of the rocks, and great upheavals of nature. About 6 B.C.",31,behold,39.29032258064516
hel,15,The Lord chastened the Nephites because He loved them—Converted Lamanites are firm and steadfast in the faith—The Lord will be merciful unto the Lamanites in the latter days. About 6 B.C.,17,lord,47.705882352941174
hel,16,"The Nephites who believe Samuel are baptized by Nephi—Samuel cannot be slain with the arrows and stones of the unrepentant Nephites—Some harden their hearts, and others see angels—The unbelievers say it is not reasonable to believe in Christ and His coming in Jerusalem. About 6–1 B.C.",25,people,41.12
3-ne,1,"Nephi, the son of Helaman, departs out of the land, and his son Nephi keeps the records—Though signs and wonders abound, the wicked plan to slay the righteous—The night of Christ’s birth arrives—The sign is given, and a new star arises—Lyings and deceivings increase, and the Gadianton robbers slaughter many. About A.D. 1–4.",30,people,43.93333333333333
3-ne,2,Wickedness and abominations increase among the people—The Nephites and Lamanites unite to defend themselves against the Gadianton robbers—Converted Lamanites become white and are called Nephites. About A.D. 5–16.,19,people,40.578947368421055
3-ne,3,"Giddianhi, the Gadianton leader, demands that Lachoneus and the Nephites surrender themselves and their lands—Lachoneus appoints Gidgiddoni as chief captain of the armies—The Nephites assemble in Zarahemla and Bountiful to defend themselves. About A.D. 16–18.",26,lachoneus,51.73076923076923
3-ne,4,"The Nephite armies defeat the Gadianton robbers—Giddianhi is slain, and his successor, Zemnarihah, is hanged—The Nephites praise the Lord for their victories. About A.D. 19–22.",33,armies,46.36363636363637
3-ne,5,The Nephites repent and forsake their sins—Mormon writes the history of his people and declares the everlasting word to them—Israel will be gathered in from her long dispersion. About A.D. 22–26.,26,god,35.26923076923077
3-ne,6,"The Nephites prosper—Pride, wealth, and class distinctions arise—The Church is rent with dissensions—Satan leads the people in open rebellion—Many prophets cry repentance and are slain—Their murderers conspire to take over the government. About A.D. 26–30.",30,people,39.7
3-ne,7,"The chief judge is murdered, the government is destroyed, and the people divide into tribes—Jacob, an anti-Christ, becomes king of a secret combination—Nephi preaches repentance and faith in Christ—Angels minister to him daily, and he raises his brother from the dead—Many repent and are baptized. About A.D. 30–33.",26,people,43.61538461538461
3-ne,8,"Tempests, earthquakes, fires, whirlwinds, and physical upheavals attest the crucifixion of Christ—Many people are destroyed—Darkness covers the land for three days—Those who remain bemoan their fate. About A.D. 33–34.",25,face,34.24
3-ne,9,"In the darkness, the voice of Christ proclaims the destruction of many people and cities for their wickedness—He also proclaims His divinity, announces that the law of Moses is fulfilled, and invites men to come unto Him and be saved. About A.D. 34.",22,city,42.45454545454545
3-ne,10,There is silence in the land for many hours—The voice of Christ promises to gather His people as a hen gathers her chickens—The more righteous part of the people have been preserved. About A.D. 34–35.,19,people,41.94736842105263
3-ne,11,The Father testifies of His Beloved Son—Christ appears and proclaims His Atonement—The people feel the wound marks in His hands and feet and side—They cry Hosanna—He sets forth the mode and manner of baptism—The spirit of contention is of the devil—Christ’s doctrine is that men should believe and be baptized and receive the Holy Ghost. About A.D. 34.,41,father,34.19512195121951
3-ne,12,Jesus calls and commissions the twelve disciples—He delivers to the Nephites a discourse similar to the Sermon on the Mount—He speaks the Beatitudes—His teachings transcend and take precedence over the law of Moses—Men are commanded to be perfect even as He and His Father are perfect—Compare Matthew 5 . About A.D. 34.,48,say,26.291666666666668
3-ne,13,Jesus teaches the Nephites the Lord’s Prayer—They are to lay up treasures in heaven—The twelve disciples in their ministry are commanded to take no thought for temporal things—Compare Matthew 6 . About A.D. 34.,34,father,24.470588235294116
3-ne,14,Jesus commands: Judge not; ask of God; beware of false prophets—He promises salvation to those who do the will of the Father—Compare Matthew 7 . About A.D. 34.,27,eye,23.14814814814815
3-ne,15,"Jesus announces that the law of Moses is fulfilled in Him—The Nephites are the other sheep of whom He spoke in Jerusalem—Because of iniquity, the Lord’s people in Jerusalem do not know of the scattered sheep of Israel. About A.D. 34.",24,behold,29.708333333333332
3-ne,16,Jesus will visit others of the lost sheep of Israel—In the latter days the gospel will go to the Gentiles and then to the house of Israel—The Lord’s people will see eye to eye when He brings again Zion. About A.D. 34.,20,father,44.7
3-ne,17,"Jesus directs the people to ponder His words and pray for understanding—He heals their sick—He prays for the people, using language that cannot be written—Angels minister to and fire encircles their little ones. About A.D. 34.",25,multitude,34.72
3-ne,18,Jesus institutes the sacrament among the Nephites—They are commanded to pray always in His name—Those who eat His flesh and drink His blood unworthily are damned—The disciples are given power to confer the Holy Ghost. About A.D. 34.,39,father,33.94871794871795
3-ne,19,The twelve disciples minister unto the people and pray for the Holy Ghost—The disciples are baptized and receive the Holy Ghost and the ministering of angels—Jesus prays using words that cannot be written—He attests to the exceedingly great faith of these Nephites. About A.D. 34.,36,jesus,34.19444444444444
3-ne,20,"Jesus provides bread and wine miraculously and again administers the sacrament unto the people—The remnant of Jacob will come to the knowledge of the Lord their God and will inherit the Americas—Jesus is the prophet like unto Moses, and the Nephites are children of the prophets—Others of the Lord’s people will be gathered to Jerusalem. About A.D. 34.",46,father,32.95652173913044
3-ne,21,"Israel will be gathered when the Book of Mormon comes forth—The Gentiles will be established as a free people in America—They will be saved if they believe and obey; otherwise, they will be cut off and destroyed—Israel will build the New Jerusalem, and the lost tribes will return. About A.D. 34.",29,father,38.827586206896555
3-ne,22,"In the last days, Zion and her stakes will be established, and Israel will be gathered in mercy and tenderness—They will triumph—Compare Isaiah 54 . About A.D. 34.",17,lord,29.235294117647058
3-ne,23,Jesus approves the words of Isaiah—He commands the people to search the prophets—The words of Samuel the Lamanite concerning the Resurrection are added to their records. About A.D. 34.,14,words,29.5
3-ne,24,The Lord’s messenger will prepare the way for the Second Coming—Christ will sit in judgment—Israel is commanded to pay tithes and offerings—A book of remembrance is kept—Compare Malachi 3 . About A.D. 34.,18,lord,33.27777777777778
3-ne,25,"At the Second Coming, the proud and wicked will be burned as stubble—Elijah will return before that great and dreadful day—Compare Malachi 4 . About A.D. 34.",6,lord,28.833333333333332
3-ne,26,Jesus expounds all things from the beginning to the end—Babes and children utter marvelous things that cannot be written—Those in the Church of Christ have all things in common among them. About A.D. 34.,21,people,36.666666666666664
3-ne,27,Jesus commands that the Church be called in His name—His mission and atoning sacrifice constitute His gospel—Men are commanded to repent and be baptized that they may be sanctified by the Holy Ghost—They are to be even as Jesus is. About A.D. 34–35.,33,name,38.09090909090909
3-ne,28,"Nine of the twelve disciples desire and are promised an inheritance in Christ’s kingdom when they die—The Three Nephites desire and are given power over death so as to remain on the earth until Jesus comes again—They are translated and see things not lawful to utter, and they are now ministering among men. About A.D. 34–35.",40,father,36.0
3-ne,29,The coming forth of the Book of Mormon is a sign that the Lord has commenced to gather Israel and fulfill His covenants—Those who reject His latter-day revelations and gifts will be cursed. About A.D. 34–35.,9,lord,42.77777777777778
3-ne,30,"The latter-day Gentiles are commanded to repent, come unto Christ, and be numbered with the house of Israel. About A.D. 34–35.",2,abominations,62.0
4-ne,1,"The Nephites and the Lamanites are all converted unto the Lord—They have all things in common, work miracles, and prosper in the land—After two centuries, divisions, evils, false churches, and persecutions arise—After three hundred years, both the Nephites and the Lamanites are wicked—Ammaron hides up the sacred records. About A.D. 35–321.",49,people,39.224489795918366
morm,1,"Ammaron instructs Mormon concerning the sacred records—War commences between the Nephites and the Lamanites—The Three Nephites are taken away—Wickedness, unbelief, sorceries, and witchcraft prevail. About A.D. 321–26.",19,people,36.21052631578947
morm,2,Mormon leads the Nephite armies—Blood and carnage sweep the land—The Nephites lament and mourn with the sorrowing of the damned—Their day of grace is passed—Mormon obtains the plates of Nephi—Wars continue. About A.D. 327–50.,29,people,43.10344827586207
morm,3,"Mormon cries repentance unto the Nephites—They gain a great victory and glory in their own strength—Mormon refuses to lead them, and his prayers for them are without faith—The Book of Mormon invites the twelve tribes of Israel to believe the gospel. About A.D. 360–62.",22,people,42.04545454545455
morm,4,War and carnage continue—The wicked punish the wicked—Greater wickedness prevails than ever before in all Israel—Women and children are sacrificed to idols—The Lamanites begin to sweep the Nephites before them. About A.D. 363–75.,23,city,35.95652173913044
morm,5,"Mormon again leads the Nephite armies in battles of blood and carnage—The Book of Mormon will come forth to convince all Israel that Jesus is the Christ—Because of their unbelief, the Lamanites will be scattered, and the Spirit will cease to strive with them—They will receive the gospel from the Gentiles in the latter days. About A.D. 375–84.",24,behold,43.833333333333336
morm,6,"The Nephites gather to the land of Cumorah for the final battles—Mormon hides the sacred records in the hill Cumorah—The Lamanites are victorious, and the Nephite nation is destroyed—Hundreds of thousands are slain with the sword. About A.D. 385.",22,people,41.18181818181818
morm,7,"Mormon invites the Lamanites of the latter days to believe in Christ, accept His gospel, and be saved—All who believe the Bible will also believe the Book of Mormon. About A.D. 385.",10,god,43.4
morm,8,"The Lamanites seek out and destroy the Nephites—The Book of Mormon will come forth by the power of God—Woes pronounced upon those who breathe out wrath and strife against the work of the Lord—The Nephite record will come forth in a day of wickedness, degeneracy, and apostasy. About A.D. 400–421.",41,behold,40.78048780487805
morm,9,"Moroni calls upon those who do not believe in Christ to repent—He proclaims a God of miracles, who gives revelations and pours out gifts and signs upon the faithful—Miracles cease because of unbelief—Signs follow those who believe—Men are exhorted to be wise and keep the commandments. About A.D. 401–21.",37,god,41.08108108108108
ether,1,Moroni abridges the writings of Ether—Ether’s genealogy is set forth—The language of the Jaredites is not confounded at the Tower of Babel—The Lord promises to lead them to a choice land and make them a great nation.,43,son,21.162790697674417
ether,2,The Jaredites prepare for their journey to a promised land—It is a choice land whereon men must serve Christ or be swept off—The Lord talks to the brother of Jared for three hours—The Jaredites build barges—The Lord asks the brother of Jared to propose how the barges will be lighted.,25,lord,53.8
ether,3,The brother of Jared sees the finger of the Lord as He touches sixteen stones—Christ shows His spirit body to the brother of Jared—Those who have a perfect knowledge cannot be kept from within the veil—Interpreters are provided to bring the Jaredite record to light.,28,lord,43.392857142857146
ether,4,"Moroni is commanded to seal up the writings of the brother of Jared—They will not be revealed until men have faith even as the brother of Jared—Christ commands men to believe His words and those of His disciples—Men are commanded to repent, believe the gospel, and be saved.",19,lord,45.421052631578945
ether,5,Three witnesses and the work itself will stand as a testimony of the truthfulness of the Book of Mormon.,6,god,37.333333333333336
ether,6,The Jaredite barges are driven by the winds to the promised land—The people praise the Lord for His goodness—Orihah is appointed king over them—Jared and his brother die.,30,lord,34.96666666666667
ether,7,"Orihah reigns in righteousness—Amid usurpation and strife, the rival kingdoms of Shule and Cohor are set up—Prophets condemn the wickedness and idolatry of the people, who then repent.",27,shule,34.18518518518518
ether,8,"There is strife and contention over the kingdom—Akish forms an oath-bound secret combination to slay the king—Secret combinations are of the devil and result in the destruction of nations—Modern Gentiles are warned against the secret combination that will seek to overthrow the freedom of all lands, nations, and countries.",26,jared,47.15384615384615
ether,9,"The kingdom passes from one to another by descent, intrigue, and murder—Emer saw the Son of Righteousness—Many prophets cry repentance—A famine and poisonous serpents plague the people.",35,people,40.68571428571428
ether,10,"One king succeeds another—Some of the kings are righteous; others are wicked—When righteousness prevails, the people are blessed and prospered by the Lord.",34,begat,41.73529411764706
ether,11,"Wars, dissensions, and wickedness dominate Jaredite life—Prophets predict the utter destruction of the Jaredites unless they repent—The people reject the words of the prophets.",23,people,33.26086956521739
ether,12,"The prophet Ether exhorts the people to believe in God—Moroni recounts the wonders and marvels done by faith—Faith enabled the brother of Jared to see Christ—The Lord gives men weakness that they may be humble—The brother of Jared moved Mount Zerin by faith—Faith, hope, and charity are essential to salvation—Moroni saw Jesus face to face.",41,faith,36.36585365853659
ether,13,"Ether speaks of a New Jerusalem to be built in America by the seed of Joseph—He prophesies, is cast out, writes the Jaredite history, and foretells the destruction of the Jaredites—War rages over all the land.",31,coriantumr,39.064516129032256
ether,14,"The iniquity of the people brings a curse upon the land—Coriantumr engages in warfare against Gilead, then Lib, and then Shiz—Blood and carnage cover the land.",31,coriantumr,37.193548387096776
ether,15,Millions of the Jaredites are slain in battle—Shiz and Coriantumr assemble all the people to mortal combat—The Spirit of the Lord ceases to strive with them—The Jaredite nation is utterly destroyed—Only Coriantumr remains.,34,people,39.029411764705884
moro,1,Moroni writes for the benefit of the Lamanites—The Nephites who will not deny Christ are put to death. About A.D. 401–21.,4,supposed,35.75
moro,2,Jesus gave the twelve Nephite disciples power to confer the gift of the Holy Ghost. About A.D. 401–21.,3,name,38.666666666666664
moro,3,Elders ordain priests and teachers by the laying on of hands. About A.D. 401–21.,4,name,28.75
moro,4,How elders and priests administer the sacramental bread is explained. About A.D. 401–21.,3,christ,49.0
moro,5,The mode of administering the sacramental wine is set forth. About A.D. 401–21.,2,god,44.0
moro,6,Repentant persons are baptized and fellowshipped—Church members who repent are forgiven—Meetings are conducted by the power of the Holy Ghost. About A.D. 401–21.,9,baptism,35.0
moro,7,"An invitation is given to enter into the rest of the Lord—Pray with real intent—The Spirit of Christ enables men to know good from evil—Satan persuades men to deny Christ and do evil—The prophets manifest the coming of Christ—By faith, miracles are wrought and angels minister—Men should hope for eternal life and cleave unto charity. About A.D. 401–21.",48,christ,39.291666666666664
moro,8,"The baptism of little children is an evil abomination—Little children are alive in Christ because of the Atonement—Faith, repentance, meekness and lowliness of heart, receiving the Holy Ghost, and enduring to the end lead to salvation. About A.D. 401–21.",30,god,34.46666666666667
moro,9,Both the Nephites and the Lamanites are depraved and degenerate—They torture and murder each other—Mormon prays that grace and goodness may rest upon Moroni forever. About A.D. 401.,26,behold,38.61538461538461
moro,10,"A testimony of the Book of Mormon comes by the power of the Holy Ghost—The gifts of the Spirit are dispensed to the faithful—Spiritual gifts always accompany faith—Moroni’s words speak from the dust—Come unto Christ, be perfected in Him, and sanctify your souls. About A.D. 421.",34,god,32.38235294117647
